bill_number,tweet_id,text,date,user,url
SB0224,1234979943668277248,"RT @fringeflowers: Stretch Bracelet with a Rustic Chain of Aged Silver, Copper &amp; Gold Metal Flowers with Rhinestone or Synthetic Turquoise‚Ä¶",Tue Mar 03 23:12:18 +0000 2020,Secret of Aging,https://twitter.com/SecretofAging/status/1234979943668277248
SB1407,1234870038483496961,"During Illinois Ag Breakfast, Illinois Farm Bureau President Rich Guebert urged a no vote on SB1407 he said would n‚Ä¶ https://t.co/87un7B3lf4",Tue Mar 03 15:55:34 +0000 2020,Bishop On Air,https://twitter.com/BishopOnAir/status/1234870038483496961
SB1407,1232774064806203401,"Our members were in Springfield this week to meet with legislators about #SB1407, which would require contractors w‚Ä¶ https://t.co/goXimZWrWC",Wed Feb 26 21:06:55 +0000 2020,Powering Chicago,https://twitter.com/PoweringChicago/status/1232774064806203401
SB1781,1233427577982922752,RT @J0nathanR0berts: @ILSolarEnergy &amp; @SEIA are in Springfield for our Renewable Energy¬†Lobby Day on 2/26.We are educating legislators¬†on‚Ä¶,Fri Feb 28 16:23:45 +0000 2020,ILSolar Energy Assoc,https://twitter.com/ILSolarEnergy/status/1233427577982922752
SB1781,1232775365988438017,RT @J0nathanR0berts: @ILSolarEnergy &amp; @SEIA are in Springfield for our Renewable Energy¬†Lobby Day on 2/26.We are educating legislators¬†on‚Ä¶,Wed Feb 26 21:12:05 +0000 2020,Mario üåä,https://twitter.com/mariofornarelli/status/1232775365988438017
SB1781,1232676806152597504,@ILSolarEnergy &amp; @SEIA are in Springfield for our Renewable Energy¬†Lobby Day on 2/26.We are educating legislators‚Ä¶ https://t.co/I9mCwZ8q9u,Wed Feb 26 14:40:27 +0000 2020,Jonathan F Roberts,https://twitter.com/J0nathanR0berts/status/1232676806152597504
SB2121,1235824851585126400,RT @whitesox2021: cubs fans are furious they can‚Äôt make an attendance joke here,Fri Mar 06 07:09:39 +0000 2020,stevebrown21,https://twitter.com/SB2121/status/1235824851585126400
SB2294,1235254593258479618,Hastings: I ask airlines to show their employees some love and allow them to use their earned leave this way. They‚Ä¶ https://t.co/ufgqZ3I2qL,Wed Mar 04 17:23:39 +0000 2020,IL Senate Democrats,https://twitter.com/ILSenDems/status/1235254593258479618
SB2294,1235251922615009280,Press conference in @BlueRoomStream now with @HastingsforIL regarding SB2294 allowing airline employees to use sick‚Ä¶ https://t.co/tDeHbIa1cP,Wed Mar 04 17:13:02 +0000 2020,IL Senate Democrats,https://twitter.com/ILSenDems/status/1235251922615009280
SB2294,1233543148976168960,RT @PAFCAUAL: We are watching the progress of Illinois SB2294 which will remove the RLA exemption to the IL Sick Leave Act. By excluding th‚Ä¶,Sat Feb 29 00:02:59 +0000 2020,Craig Symons,https://twitter.com/CraigSymons/status/1233543148976168960
SB2294,1233542337550262272,We are watching the progress of Illinois SB2294 which will remove the RLA exemption to the IL Sick Leave Act. By ex‚Ä¶ https://t.co/loGr87PLTd,Fri Feb 28 23:59:46 +0000 2020,Dispatchers United,https://twitter.com/PAFCAUAL/status/1233542337550262272
SB2310,1234967135014838273,The #SenHiEd committee has advanced SB2497. SB2310 from @SenatorLaura is being held for a future hearing. The commi‚Ä¶ https://t.co/kpjLctBZ5K,Tue Mar 03 22:21:24 +0000 2020,IL Senate Democrats,https://twitter.com/ILSenDems/status/1234967135014838273
SB2310,1234956776040226816,The #SenHiEd committee has been called to order in Room 212. Today's agenda includes Subject Matter Hearings on sev‚Ä¶ https://t.co/E0HQsR4oie,Tue Mar 03 21:40:14 +0000 2020,IL Senate Democrats,https://twitter.com/ILSenDems/status/1234956776040226816
SB2311,1235194096576344065,"RT @RJ_Illinois: We need to ensure families are able to visit incarcerated loved ones! But, IDOC visitors have little redress when they are‚Ä¶",Wed Mar 04 13:23:16 +0000 2020,jobip,https://twitter.com/jobip/status/1235194096576344065
SB2311,1235033026406604800,"RT @RJ_Illinois: Everyone should be able to visit incarcerated loved ones. But, there's no one IDOC visitors can call if they're denied acc‚Ä¶",Wed Mar 04 02:43:13 +0000 2020,Curtis Evans,https://twitter.com/EvansWefixbikes/status/1235033026406604800
SB2311,1234989054401208320,"RT @RJ_Illinois: We need to ensure families are able to visit incarcerated loved ones! But, IDOC visitors have little redress when they are‚Ä¶",Tue Mar 03 23:48:30 +0000 2020,Stephanie,https://twitter.com/StephanieReads/status/1234989054401208320
SB2311,1234988154211323904,"RT @RJ_Illinois: We need to ensure families are able to visit incarcerated loved ones! But, IDOC visitors have little redress when they are‚Ä¶",Tue Mar 03 23:44:55 +0000 2020,ChiBooksWomenPrison ‚úä‚ù§Ô∏èüìö,https://twitter.com/ChicagoBWP/status/1234988154211323904
SB2311,1234945278668570625,"Everyone should be able to visit incarcerated loved ones. But, there's no one IDOC visitors can call if they're den‚Ä¶ https://t.co/11Tk2aze9w",Tue Mar 03 20:54:33 +0000 2020,Restore Justice IL,https://twitter.com/RJ_Illinois/status/1234945278668570625
SB2311,1234922258457677824,"RT @RJ_Illinois: We need to ensure families are able to visit incarcerated loved ones! But, IDOC visitors have little redress when they are‚Ä¶",Tue Mar 03 19:23:04 +0000 2020,Restore Justice Foundation,https://twitter.com/JusticeRestore/status/1234922258457677824
SB2311,1234871878579376129,"We need to ensure families are able to visit incarcerated loved ones! But, IDOC visitors have little redress when t‚Ä¶ https://t.co/v8EB3IGUCp",Tue Mar 03 16:02:53 +0000 2020,Restore Justice IL,https://twitter.com/RJ_Illinois/status/1234871878579376129
SB2311,1233433760684822530,"We need to ensure families can visit incarcerated loved ones. But, visitors have no recourse if they're treated unf‚Ä¶ https://t.co/c03Ik2wkIY",Fri Feb 28 16:48:19 +0000 2020,Restore Justice IL,https://twitter.com/RJ_Illinois/status/1233433760684822530
SB2311,1233146214096437248,"RT @RJ_Illinois: Thank you for your leadership, @SenatorFine! SB 2311 would ensure families have someone to call when they are denied acces‚Ä¶",Thu Feb 27 21:45:42 +0000 2020,Westside Center for Justice,https://twitter.com/WSC4Justice/status/1233146214096437248
SB2311,1233140035517657093,"RT @RJ_Illinois: Thank you for your leadership, @SenatorFine! SB 2311 would ensure families have someone to call when they are denied acces‚Ä¶",Thu Feb 27 21:21:09 +0000 2020,jobip,https://twitter.com/jobip/status/1233140035517657093
SB2311,1233138342360944640,"RT @RJ_Illinois: Thank you for your leadership, @SenatorFine! SB 2311 would ensure families have someone to call when they are denied acces‚Ä¶",Thu Feb 27 21:14:26 +0000 2020,MUAVI,https://twitter.com/MomsUnitedChi/status/1233138342360944640
SB2311,1233138075980750848,"Thank you for your leadership, @SenatorFine! SB 2311 would ensure families have someone to call when they are denie‚Ä¶ https://t.co/igUhp9WQwK",Thu Feb 27 21:13:22 +0000 2020,Restore Justice IL,https://twitter.com/RJ_Illinois/status/1233138075980750848
SB2456,1235318633066311682,RT @ILSenDems: SB2456 from @senatorcastro regarding pay of legislators being ended when they leave office and not the next month. #SenExec‚Ä¶,Wed Mar 04 21:38:07 +0000 2020,Hannah Meisel,https://twitter.com/hannahmeisel/status/1235318633066311682
SB2456,1235316842295590913,SB2456 from @senatorcastro regarding pay of legislators being ended when they leave office and not the next month. #SenExec approves.,Wed Mar 04 21:31:00 +0000 2020,IL Senate Democrats,https://twitter.com/ILSenDems/status/1235316842295590913
SB2495,1234957560773586944,The committee has advanced SB2495 with @SenTomCullerton stating that he will continue discussions with higher ed in‚Ä¶ https://t.co/2SDjYJIGhx,Tue Mar 03 21:43:21 +0000 2020,IL Senate Democrats,https://twitter.com/ILSenDems/status/1234957560773586944
SB2495,1234957166861340672,SB2495 from @SenTomCullerton is first today. It requires state higher ed facilities that issue a student ID card to‚Ä¶ https://t.co/dlGrPwWQ0v,Tue Mar 03 21:41:47 +0000 2020,IL Senate Democrats,https://twitter.com/ILSenDems/status/1234957166861340672
SB2495,1234956776040226816,The #SenHiEd committee has been called to order in Room 212. Today's agenda includes Subject Matter Hearings on sev‚Ä¶ https://t.co/E0HQsR4oie,Tue Mar 03 21:40:14 +0000 2020,IL Senate Democrats,https://twitter.com/ILSenDems/status/1234956776040226816
SB2497,1234967135014838273,The #SenHiEd committee has advanced SB2497. SB2310 from @SenatorLaura is being held for a future hearing. The commi‚Ä¶ https://t.co/kpjLctBZ5K,Tue Mar 03 22:21:24 +0000 2020,IL Senate Democrats,https://twitter.com/ILSenDems/status/1234967135014838273
SB2503,1234267824388005888,"RT @KyleThompson643: Get.  Rid.  Of.  It.edTPA is an unnecessary barrier, shortage or not.I have faith the IL General Assembly will do‚Ä¶",Mon Mar 02 00:02:35 +0000 2020,"Bob Ketcham, Ed. S.",https://twitter.com/bob_ketcham/status/1234267824388005888
SB2503,1233950468189106179,"RT @KyleThompson643: Get.  Rid.  Of.  It.edTPA is an unnecessary barrier, shortage or not.I have faith the IL General Assembly will do‚Ä¶",Sun Mar 01 03:01:31 +0000 2020,Travis Wyatt,https://twitter.com/twyatt2200/status/1233950468189106179
SB2503,1233932161503416320,"Get.  Rid.  Of.  It.edTPA is an unnecessary barrier, shortage or not.I have faith the IL General Assembly will‚Ä¶ https://t.co/eOKBh4KhSv",Sun Mar 01 01:48:47 +0000 2020,Dr. Kyle Thompson,https://twitter.com/KyleThompson643/status/1233932161503416320
SB2540,1235964765551366150,RT @RJ_Illinois: Your voice is important! There are not enough functioning phones in IDOC facilities. SB2540 would ensure all IDOC faciliti‚Ä¶,Fri Mar 06 16:25:37 +0000 2020,"Jessica, Mother of the Gwendal",https://twitter.com/logansolsun/status/1235964765551366150
SB2540,1235964632277413891,Your voice is important! There are not enough functioning phones in IDOC facilities. SB2540 would ensure all IDOC f‚Ä¶ https://t.co/AjsvIUxy6y,Fri Mar 06 16:25:06 +0000 2020,Restore Justice IL,https://twitter.com/RJ_Illinois/status/1235964632277413891
SB2548,1234962598183022594,"Danielson is outlining several requested changes to SB2548 from @Foster_Progress, including having higher ed instit‚Ä¶ https://t.co/ZzoXZOfCPn",Tue Mar 03 22:03:22 +0000 2020,IL Senate Democrats,https://twitter.com/ILSenDems/status/1234962598183022594
SB2548,1234961187189776384,Kate Danielson of @Foster_Progress is next to testify in support of SB2548 in the #SenHiEd committee.,Tue Mar 03 21:57:46 +0000 2020,IL Senate Democrats,https://twitter.com/ILSenDems/status/1234961187189776384
SB2548,1234957695146512386,"SB2548 from @SenatorSuzy requires an institution of higher education, including a business, technical, or vocationa‚Ä¶ https://t.co/So2LQKWSHQ",Tue Mar 03 21:43:53 +0000 2020,IL Senate Democrats,https://twitter.com/ILSenDems/status/1234957695146512386
SB2548,1234956776040226816,The #SenHiEd committee has been called to order in Room 212. Today's agenda includes Subject Matter Hearings on sev‚Ä¶ https://t.co/E0HQsR4oie,Tue Mar 03 21:40:14 +0000 2020,IL Senate Democrats,https://twitter.com/ILSenDems/status/1234956776040226816
SB2559,1233107344558624769,.@SenatorSara6 just passed her first Senate bill. Congratulations on SB2559. https://t.co/Sfl8TjdcaM,Thu Feb 27 19:11:15 +0000 2020,IL Senate Democrats,https://twitter.com/ILSenDems/status/1233107344558624769
SB2561,1235182942827274241,"RT @ILPsychiatry: Thank you @SenatorFine for sponsoring #SB2561, which supports #telehealth and #telepsychiatry in IL! Especially important‚Ä¶",Wed Mar 04 12:38:56 +0000 2020,Illinois Psychological Association,https://twitter.com/ILPsychology/status/1235182942827274241
SB2561,1234995591584735232,"RT @ILPsychiatry: Thank you @SenatorFine for sponsoring #SB2561, which supports #telehealth and #telepsychiatry in IL! Especially important‚Ä¶",Wed Mar 04 00:14:28 +0000 2020,Keith Wakeman,https://twitter.com/CherryStreet7/status/1234995591584735232
SB2561,1234979409397813248,"RT @ILPsychiatry: Thank you @SenatorFine for sponsoring #SB2561, which supports #telehealth and #telepsychiatry in IL! Especially important‚Ä¶",Tue Mar 03 23:10:10 +0000 2020,IL Family Physicians,https://twitter.com/IllinoisAFP/status/1234979409397813248
SB2561,1234973691689095168,"Thank you @SenatorFine for sponsoring #SB2561, which supports #telehealth and #telepsychiatry in IL! Especially imp‚Ä¶ https://t.co/cKknRfQUSX",Tue Mar 03 22:47:27 +0000 2020,Illinois Psychiatric Society,https://twitter.com/ILPsychiatry/status/1234973691689095168
SB2762,1233451614356287499,"Illinois #SB2762 is a common-sense bill that would mandate comprehensive sex education from grades K-12 in schools,‚Ä¶ https://t.co/umefEWkwN3",Fri Feb 28 17:59:15 +0000 2020,Justin's Political Corner [#JPCTumblr],https://twitter.com/JPCTumblr/status/1233451614356287499
SB2762,1233448267456950272,"Illinois #SB2762 is a common-sense bill that would mandate comprehensive sex education from grades K-12 in schools,‚Ä¶ https://t.co/Akak0bUU4R",Fri Feb 28 17:45:57 +0000 2020,Justin Gibson,https://twitter.com/JGibsonDem/status/1233448267456950272
SB2775,1233101210124722183,"I'm watching the IL Senate again today! #twill For y'all very interesting in such goings-on, here is a list of al‚Ä¶ https://t.co/rwGd5aA1C2",Thu Feb 27 18:46:53 +0000 2020,Rebecca Anzel,https://twitter.com/RebeccaAnzel/status/1233101210124722183
SB2795,1233102249855012864,The chamber just moved SB2795 to 3rd reading as well.,Thu Feb 27 18:51:00 +0000 2020,Rebecca Anzel,https://twitter.com/RebeccaAnzel/status/1233102249855012864
SB2993,1233232003350302720,RT @JohnAmdor: A law passed last year directs UIC to conduct a study of what's driving these increases across the entire state. It unfortun‚Ä¶,Fri Feb 28 03:26:36 +0000 2020,Josh Ellis,https://twitter.com/MPCJosh/status/1233232003350302720
SB2993,1233231427304665090,A law passed last year directs UIC to conduct a study of what's driving these increases across the entire state. It‚Ä¶ https://t.co/cVN6wlXICv,Fri Feb 28 03:24:19 +0000 2020,John Amdor,https://twitter.com/JohnAmdor/status/1233231427304665090
SB3027,1233101210124722183,"I'm watching the IL Senate again today! #twill For y'all very interesting in such goings-on, here is a list of al‚Ä¶ https://t.co/rwGd5aA1C2",Thu Feb 27 18:46:53 +0000 2020,Rebecca Anzel,https://twitter.com/RebeccaAnzel/status/1233101210124722183
SB3028,1233101210124722183,"I'm watching the IL Senate again today! #twill For y'all very interesting in such goings-on, here is a list of al‚Ä¶ https://t.co/rwGd5aA1C2",Thu Feb 27 18:46:53 +0000 2020,Rebecca Anzel,https://twitter.com/RebeccaAnzel/status/1233101210124722183
SB3096,1232701401387675648,"RT @ICOYouth: Thanks for stopping by our Lobby Day, @SenatorMorrison! She's been a strong advocate for Illinois' youth, currently sponsorin‚Ä¶",Wed Feb 26 16:18:11 +0000 2020,Julie Morrison,https://twitter.com/SenatorMorrison/status/1232701401387675648
SB3113,1233101210124722183,"I'm watching the IL Senate again today! #twill For y'all very interesting in such goings-on, here is a list of al‚Ä¶ https://t.co/rwGd5aA1C2",Thu Feb 27 18:46:53 +0000 2020,Rebecca Anzel,https://twitter.com/RebeccaAnzel/status/1233101210124722183
SB3115,1233101210124722183,"I'm watching the IL Senate again today! #twill For y'all very interesting in such goings-on, here is a list of al‚Ä¶ https://t.co/rwGd5aA1C2",Thu Feb 27 18:46:53 +0000 2020,Rebecca Anzel,https://twitter.com/RebeccaAnzel/status/1233101210124722183
SB3125,1233093756255178753,".@robertmartwick As a constituent, I urge you to co-sponsor SB3125 and make it easier for low-income communities to‚Ä¶ https://t.co/rgXbX5n9TQ",Thu Feb 27 18:17:15 +0000 2020,Cheryl Zalenski,https://twitter.com/cmzalenski/status/1233093756255178753
SB3125,1233065609375756289,"@SenCunningham As a constituent, I urge you to co-sponsor SB3125 and make it easier for low-income communities to a‚Ä¶ https://t.co/GjcMRqVcjk",Thu Feb 27 16:25:25 +0000 2020,AKA60643,https://twitter.com/aka60643/status/1233065609375756289
SB3144,1233101210124722183,"I'm watching the IL Senate again today! #twill For y'all very interesting in such goings-on, here is a list of al‚Ä¶ https://t.co/rwGd5aA1C2",Thu Feb 27 18:46:53 +0000 2020,Rebecca Anzel,https://twitter.com/RebeccaAnzel/status/1233101210124722183
SB3161,1233101210124722183,"I'm watching the IL Senate again today! #twill For y'all very interesting in such goings-on, here is a list of al‚Ä¶ https://t.co/rwGd5aA1C2",Thu Feb 27 18:46:53 +0000 2020,Rebecca Anzel,https://twitter.com/RebeccaAnzel/status/1233101210124722183
SB3162,1233101210124722183,"I'm watching the IL Senate again today! #twill For y'all very interesting in such goings-on, here is a list of al‚Ä¶ https://t.co/rwGd5aA1C2",Thu Feb 27 18:46:53 +0000 2020,Rebecca Anzel,https://twitter.com/RebeccaAnzel/status/1233101210124722183
SB3203,1233101210124722183,"I'm watching the IL Senate again today! #twill For y'all very interesting in such goings-on, here is a list of al‚Ä¶ https://t.co/rwGd5aA1C2",Thu Feb 27 18:46:53 +0000 2020,Rebecca Anzel,https://twitter.com/RebeccaAnzel/status/1233101210124722183
SB3231,1233101210124722183,"I'm watching the IL Senate again today! #twill For y'all very interesting in such goings-on, here is a list of al‚Ä¶ https://t.co/rwGd5aA1C2",Thu Feb 27 18:46:53 +0000 2020,Rebecca Anzel,https://twitter.com/RebeccaAnzel/status/1233101210124722183
SB3241,1233101210124722183,"I'm watching the IL Senate again today! #twill For y'all very interesting in such goings-on, here is a list of al‚Ä¶ https://t.co/rwGd5aA1C2",Thu Feb 27 18:46:53 +0000 2020,Rebecca Anzel,https://twitter.com/RebeccaAnzel/status/1233101210124722183
SB3247,1233101210124722183,"I'm watching the IL Senate again today! #twill For y'all very interesting in such goings-on, here is a list of al‚Ä¶ https://t.co/rwGd5aA1C2",Thu Feb 27 18:46:53 +0000 2020,Rebecca Anzel,https://twitter.com/RebeccaAnzel/status/1233101210124722183
SB3297,1233101210124722183,"I'm watching the IL Senate again today! #twill For y'all very interesting in such goings-on, here is a list of al‚Ä¶ https://t.co/rwGd5aA1C2",Thu Feb 27 18:46:53 +0000 2020,Rebecca Anzel,https://twitter.com/RebeccaAnzel/status/1233101210124722183
SB3315,1235318209424785408,SB3315 from @senirismartinez would agree to a set population number for local election; it is also approved by‚Ä¶ https://t.co/keatoCnvzX,Wed Mar 04 21:36:26 +0000 2020,IL Senate Democrats,https://twitter.com/ILSenDems/status/1235318209424785408
SB3329,1235921136438870016,RT @SustainDuPage: Do you want to help protect the #RightToGarden in #Illinois? You can file a witness slip in support of this bill. You ca‚Ä¶,Fri Mar 06 13:32:15 +0000 2020,andvangorp,https://twitter.com/andvangorp/status/1235921136438870016
SB3329,1235920699291774977,Do you want to help protect the #RightToGarden in #Illinois? You can file a witness slip in support of this bill. Y‚Ä¶ https://t.co/R6Ll5c5PSX,Fri Mar 06 13:30:31 +0000 2020,Sustain DuPage,https://twitter.com/SustainDuPage/status/1235920699291774977
SB3329,1235020868474081282,@APAadvocates @APA_Planning @AncelGlinkLand *UPDATE* The 3/3/20 Cities &amp; Villages Committee Hearing was cancelled.‚Ä¶ https://t.co/4X5E2RVEp4,Wed Mar 04 01:54:55 +0000 2020,APA-IL,https://twitter.com/APAIL/status/1235020868474081282
SB3329,1234941219781955589,RT @APAIL: Legislative alert! Oppose SB3329 and HB4704! File a Witness Slip! Supporters of residential gardening rights are back with two n‚Ä¶,Tue Mar 03 20:38:25 +0000 2020,SPO at UIUC,https://twitter.com/SPOUIUC/status/1234941219781955589
SB3329,1234892081010790406,Legislative alert! Oppose SB3329 and HB4704! File a Witness Slip! Supporters of residential gardening rights are ba‚Ä¶ https://t.co/YiKaNaeWA8,Tue Mar 03 17:23:09 +0000 2020,APA-IL,https://twitter.com/APAIL/status/1234892081010790406
SB3416,1234983150381490176,"RT @senatorcastro: SB3416 makes permanent and expands the Voucher Respite Program, which helps provides services fo‚Ä¶ https://t.co/MhLXo7sW3F",Tue Mar 03 23:25:02 +0000 2020,IL Senate Democrats,https://twitter.com/ILSenDems/status/1234983150381490176
SB3416,1234967923061657601,"SB3416 makes permanent and expands the Voucher Respite Program, which helps provides services for individuals with‚Ä¶ https://t.co/cp0WXYRjOB",Tue Mar 03 22:24:32 +0000 2020,Senator Castro,https://twitter.com/senatorcastro/status/1234967923061657601
SB3501,1234998843025936385,"@ Senate Human Services Committee hearing where advocates presented solutions to grow, recruit &amp; retain a qualified‚Ä¶ https://t.co/2SqTaUyShQ",Wed Mar 04 00:27:24 +0000 2020,CBHA,https://twitter.com/CBHA_NET/status/1234998843025936385
SB3531,1232869713866297344,RT @ICOYouth: Great to see @SenatorSara6 - a long-time advocate for children &amp; families - at our Lobby Day! She's currently sponsoring SB35‚Ä¶,Thu Feb 27 03:27:00 +0000 2020,Kim Holderfield,https://twitter.com/kimholderfield/status/1232869713866297344
SB3531,1232713349110075398,Great to see @SenatorSara6 - a long-time advocate for children &amp; families - at our Lobby Day! She's currently spons‚Ä¶ https://t.co/I6E3Y8i8p0,Wed Feb 26 17:05:39 +0000 2020,ICOY,https://twitter.com/ICOYouth/status/1232713349110075398
HB0040,1232767813720428546,A couple of the bills I really wanted to hear questions on didn‚Äôt get called. Which is huge bummer. Basically I wan‚Ä¶ https://t.co/HLzcA5oOBL,Wed Feb 26 20:42:05 +0000 2020,Jill Manrique üíÅüèΩ‚Äç‚ôÄÔ∏è,https://twitter.com/JillManrique/status/1232767813720428546
HB2899,1234432169654833152,RT @Tea_Party_Chris: #AZleg Heading down the same dismal road as California. Last year y‚Äôall put a $32/vehicle fee on our cars which was tr‚Ä¶,Mon Mar 02 10:55:38 +0000 2020,EnjoyCrosswords,https://twitter.com/EnjoyCrosswords/status/1234432169654833152
HB2899,1233744232529178626,RT @Tea_Party_Chris: #AZleg Heading down the same dismal road as California. Last year y‚Äôall put a $32/vehicle fee on our cars which was tr‚Ä¶,Sat Feb 29 13:22:01 +0000 2020,lipstickpundit,https://twitter.com/lipstickpundit1/status/1233744232529178626
HB2966,1233427577982922752,RT @J0nathanR0berts: @ILSolarEnergy &amp; @SEIA are in Springfield for our Renewable Energy¬†Lobby Day on 2/26.We are educating legislators¬†on‚Ä¶,Fri Feb 28 16:23:45 +0000 2020,ILSolar Energy Assoc,https://twitter.com/ILSolarEnergy/status/1233427577982922752
HB2966,1232775365988438017,RT @J0nathanR0berts: @ILSolarEnergy &amp; @SEIA are in Springfield for our Renewable Energy¬†Lobby Day on 2/26.We are educating legislators¬†on‚Ä¶,Wed Feb 26 21:12:05 +0000 2020,Mario üåä,https://twitter.com/mariofornarelli/status/1232775365988438017
HB2966,1232676806152597504,@ILSolarEnergy &amp; @SEIA are in Springfield for our Renewable Energy¬†Lobby Day on 2/26.We are educating legislators‚Ä¶ https://t.co/I9mCwZ8q9u,Wed Feb 26 14:40:27 +0000 2020,Jonathan F Roberts,https://twitter.com/J0nathanR0berts/status/1232676806152597504
HB3493,1235654695504343040,RT @afscme31: #HB3493 heard in the House Prescription Drug Affordability Committee this morning. @AFSCME retirees and other seniors are the‚Ä¶,Thu Mar 05 19:53:31 +0000 2020,Jane Addams Seniors in Action,https://twitter.com/JASIAction/status/1235654695504343040
HB3493,1235588450923040769,RT @afscme31: #HB3493 heard in the House Prescription Drug Affordability Committee this morning. @AFSCME retirees and other seniors are the‚Ä¶,Thu Mar 05 15:30:17 +0000 2020,Wendy Katten,https://twitter.com/wjk1971/status/1235588450923040769
HB3493,1235559571319554051,RT @afscme31: #HB3493 heard in the House Prescription Drug Affordability Committee this morning. @AFSCME retirees and other seniors are the‚Ä¶,Thu Mar 05 13:35:32 +0000 2020,JennLadischDouglass,https://twitter.com/JennKait/status/1235559571319554051
HB3493,1235415929862963200,RT @ProtectILCare: Health care consumers and advocates ready to hear legislators deliberate #HB3493 - a bill to create a Prescription Drug‚Ä¶,Thu Mar 05 04:04:45 +0000 2020,Ryan Gruenenfelder,https://twitter.com/Gruen75/status/1235415929862963200
HB3493,1235409255580213248,RT @ProtectILCare: Health care consumers and advocates ready to hear legislators deliberate #HB3493 - a bill to create a Prescription Drug‚Ä¶,Thu Mar 05 03:38:13 +0000 2020,Illinois Alliance,https://twitter.com/ILRetirees/status/1235409255580213248
HB3493,1235397801644904456,RT @EverThriveIL: Donna Cruce shared her Rx story and why she supports HB3493. The cost of her prescription drugs caused her to forgo filli‚Ä¶,Thu Mar 05 02:52:43 +0000 2020,Protect Our Care IL,https://twitter.com/ProtectILCare/status/1235397801644904456
HB3493,1235397645046288384,RT @afscme31: #HB3493 heard in the House Prescription Drug Affordability Committee this morning. @AFSCME retirees and other seniors are the‚Ä¶,Thu Mar 05 02:52:05 +0000 2020,Protect Our Care IL,https://twitter.com/ProtectILCare/status/1235397645046288384
HB3493,1235396023444365312,RT @afscme31: #HB3493 heard in the House Prescription Drug Affordability Committee this morning. @AFSCME retirees and other seniors are the‚Ä¶,Thu Mar 05 02:45:39 +0000 2020,Illinois Alliance,https://twitter.com/ILRetirees/status/1235396023444365312
HB3493,1235373015782875137,RT @CitizenActionIL: Statement: Protect Our Care Illinois disappointed by committee vote on HB3493 | Protect Our Care IL https://t.co/vwvop‚Ä¶,Thu Mar 05 01:14:13 +0000 2020,Indivisible Chicago-South Side,https://twitter.com/IndivChi_South/status/1235373015782875137
HB3493,1235366931898814464,RT @CitizenActionIL: Statement: Protect Our Care Illinois disappointed by committee vote on HB3493 | Protect Our Care IL https://t.co/vwvop‚Ä¶,Thu Mar 05 00:50:03 +0000 2020,Indivisible Illinois,https://twitter.com/IndivisibleIL/status/1235366931898814464
HB3493,1235318431630708736,RT @ProtectILCare: We are disappointed that the committee voted against a Prescription Drug Affordability Board in Illinois. See our statem‚Ä¶,Wed Mar 04 21:37:19 +0000 2020,Julie Sampson,https://twitter.com/JulieSampson12/status/1235318431630708736
HB3851,1234934940862701569,"RT @c_hansen84: Thank you to @RepChrisMiller, @Sam4Rep, Thomas Morrison, @JohnCabello, @repjcarroll, and Nathan Reitz for signing on to bi-‚Ä¶",Tue Mar 03 20:13:28 +0000 2020,"Zeus üá∫üá∏ ‚≠ê‚≠ê‚≠ê No Collusion, No Obstruction!",https://twitter.com/zeusFanHouse/status/1234934940862701569
HB3851,1232996547815714817,"RT @c_hansen84: Thank you to @RepChrisMiller, @Sam4Rep, Thomas Morrison, @JohnCabello, @repjcarroll, and Nathan Reitz for signing on to bi-‚Ä¶",Thu Feb 27 11:50:59 +0000 2020,Raymond J Prokaski Sr,https://twitter.com/prokaski/status/1232996547815714817
HB3851,1232955294029885440,"RT @c_hansen84: Thank you to @RepChrisMiller, @Sam4Rep, Thomas Morrison, @JohnCabello, @repjcarroll, and Nathan Reitz for signing on to bi-‚Ä¶",Thu Feb 27 09:07:03 +0000 2020,Rob Stark,https://twitter.com/starkrob21/status/1232955294029885440
HB3851,1232894237970227200,"RT @c_hansen84: Thank you to @RepChrisMiller, @Sam4Rep, Thomas Morrison, @JohnCabello, @repjcarroll, and Nathan Reitz for signing on to bi-‚Ä¶",Thu Feb 27 05:04:27 +0000 2020,TaxenEmSillyInIllinois,https://twitter.com/Get_Outa_Here/status/1232894237970227200
HB3851,1232888151158542338,"RT @c_hansen84: Thank you to @RepChrisMiller, @Sam4Rep, Thomas Morrison, @JohnCabello, @repjcarroll, and Nathan Reitz for signing on to bi-‚Ä¶",Thu Feb 27 04:40:15 +0000 2020,Jeffrey Hayes Frye‚≠ê‚≠ê‚≠ê,https://twitter.com/JeffreyFrye/status/1232888151158542338
HB3851,1232886020502364160,"RT @c_hansen84: Thank you to @RepChrisMiller, @Sam4Rep, Thomas Morrison, @JohnCabello, @repjcarroll, and Nathan Reitz for signing on to bi-‚Ä¶",Thu Feb 27 04:31:47 +0000 2020,Carrie,https://twitter.com/Carrie_Kelly17/status/1232886020502364160
HB3851,1232878481433862144,"Thank you to @RepChrisMiller, @Sam4Rep, Thomas Morrison, @JohnCabello, @repjcarroll, and Nathan Reitz for signing o‚Ä¶ https://t.co/6j2juK9N91",Thu Feb 27 04:01:50 +0000 2020,üá∫üá∏ Chris Hansen üá∫üá∏,https://twitter.com/c_hansen84/status/1232878481433862144
HB3878,1233091014518362112,"RT @chicagobars: In Chicagoland suburbanite drinking news... HB3878, a bill to repeal 1911's Railroad Intoxicating Liquor Act passed commit‚Ä¶",Thu Feb 27 18:06:22 +0000 2020,Robert Loerzel,https://twitter.com/robertloerzel/status/1233091014518362112
HB3878,1233085468541095942,"In Chicagoland suburbanite drinking news... HB3878, a bill to repeal 1911's Railroad Intoxicating Liquor Act passed‚Ä¶ https://t.co/EOCP80Cswi",Thu Feb 27 17:44:19 +0000 2020,Chicago Bars,https://twitter.com/chicagobars/status/1233085468541095942
HB3905,1235785368781418499,"RT @VicComed: Thanks @lashawnfordjobs (La Shawn Ford) for cracking down on fake service dogs via HB3905.  Here, I thought unfunded pensions‚Ä¶",Fri Mar 06 04:32:46 +0000 2020,Jeffrey Hayes Frye‚≠ê‚≠ê‚≠ê,https://twitter.com/JeffreyFrye/status/1235785368781418499
HB3905,1235722674569121794,"RT @VicComed: Thanks @lashawnfordjobs (La Shawn Ford) for cracking down on fake service dogs via HB3905.  Here, I thought unfunded pensions‚Ä¶",Fri Mar 06 00:23:38 +0000 2020,Rae A üåπPrecious Life Mattersüåπ,https://twitter.com/WileyWonka59/status/1235722674569121794
HB3905,1235722181054730240,"RT @VicComed: Thanks @lashawnfordjobs (La Shawn Ford) for cracking down on fake service dogs via HB3905.  Here, I thought unfunded pensions‚Ä¶",Fri Mar 06 00:21:41 +0000 2020,#TRUMP 2020 #MAGA #KAG,https://twitter.com/chuck_rowland/status/1235722181054730240
HB3905,1235692892154290176,"RT @VicComed: Thanks @lashawnfordjobs (La Shawn Ford) for cracking down on fake service dogs via HB3905.  Here, I thought unfunded pensions‚Ä¶",Thu Mar 05 22:25:18 +0000 2020,TaxenEmSillyInIllinois,https://twitter.com/Get_Outa_Here/status/1235692892154290176
HB3905,1235684869390262272,"Thanks @lashawnfordjobs (La Shawn Ford) for cracking down on fake service dogs via HB3905.  Here, I thought unfunde‚Ä¶ https://t.co/D96SB5kvt7",Thu Mar 05 21:53:25 +0000 2020,"Vic Frohmeyer, ComEd Lobbyist from Chiraq, IL",https://twitter.com/VicComed/status/1235684869390262272
HB3992,1234628278444580868,RT @partnershipfcc: What's #HB3992? A bill that calls for IL to phase out MAP funding at for-profit institutions. Learn more about PCC's‚Ä¶,Mon Mar 02 23:54:54 +0000 2020,Joe Saucedo,https://twitter.com/SaucedoJoe/status/1234628278444580868
HB3992,1234569414835613696,What's #HB3992? A bill that calls for IL to phase out MAP funding at for-profit institutions. Learn more about PC‚Ä¶ https://t.co/6EcdM2tcqf,Mon Mar 02 20:01:00 +0000 2020,Partnership for College Completion,https://twitter.com/partnershipfcc/status/1234569414835613696
HB4029,1232767813720428546,A couple of the bills I really wanted to hear questions on didn‚Äôt get called. Which is huge bummer. Basically I wan‚Ä¶ https://t.co/HLzcA5oOBL,Wed Feb 26 20:42:05 +0000 2020,Jill Manrique üíÅüèΩ‚Äç‚ôÄÔ∏è,https://twitter.com/JillManrique/status/1232767813720428546
HB4064,1235287059583184896,"RT @il_fps: PROPONENT witness slips needed HB4064, bill to make IL public colleges &amp; univ's test-optional for admissions. Hearing at 3pm to‚Ä¶",Wed Mar 04 19:32:40 +0000 2020,Jennifer Jones,https://twitter.com/jenbotjones/status/1235287059583184896
HB4064,1235285284125839361,Bill HB4064 here: https://t.co/5t4LSoOjfB,Wed Mar 04 19:25:36 +0000 2020,Illinois Families for Public Schools,https://twitter.com/il_fps/status/1235285284125839361
HB4064,1235284747372421121,"PROPONENT witness slips needed HB4064, bill to make IL public colleges &amp; univ's test-optional for admissions. Heari‚Ä¶ https://t.co/X47QsGcrWH",Wed Mar 04 19:23:28 +0000 2020,Illinois Families for Public Schools,https://twitter.com/il_fps/status/1235284747372421121
HB4133,1235633721631535104,Register for Epilepsy Advocacy Day! We‚Äôll be in Springfield on March 19 to ask legislators to support HB4133. This‚Ä¶ https://t.co/aqO1cRev93,Thu Mar 05 18:30:10 +0000 2020,Epilepsy Foundation,https://twitter.com/EpilepsyChicago/status/1235633721631535104
HB4133,1233046536738742272,RT @EpilepsyChicago: Have you registered for Epilepsy Advocacy Day yet? We‚Äôll be in Springfield on March 19 to ask legislators to support H‚Ä¶,Thu Feb 27 15:09:37 +0000 2020,–≤–≤üí§üêù,https://twitter.com/BBUZZBEE/status/1233046536738742272
HB4262,1233456910906613760,"HB4262 is moving forward! This bill creates the Domestic Violence Task Force to ""reform Illinois‚Äô criminal justice‚Ä¶ https://t.co/GHQRCOmPvF",Fri Feb 28 18:20:18 +0000 2020,North Suburban Legal Aid Clinic,https://twitter.com/NSuburbanLegal/status/1233456910906613760
HB4379,1233232003350302720,RT @JohnAmdor: A law passed last year directs UIC to conduct a study of what's driving these increases across the entire state. It unfortun‚Ä¶,Fri Feb 28 03:26:36 +0000 2020,Josh Ellis,https://twitter.com/MPCJosh/status/1233232003350302720
HB4379,1233231427304665090,A law passed last year directs UIC to conduct a study of what's driving these increases across the entire state. It‚Ä¶ https://t.co/cVN6wlXICv,Fri Feb 28 03:24:19 +0000 2020,John Amdor,https://twitter.com/JohnAmdor/status/1233231427304665090
HB4417,1232763942373642240,HB4417 who‚Äôs intent to hold 3 public hearings in 3 consecutive months before a school board makes a final decision‚Ä¶ https://t.co/9i7dA9k58o,Wed Feb 26 20:26:42 +0000 2020,Jill Manrique üíÅüèΩ‚Äç‚ôÄÔ∏è,https://twitter.com/JillManrique/status/1232763942373642240
HB4510,1232765998052315137,HB4510 is about teacher evaluation plans. When listening to these hearings I really hope other school board members‚Ä¶ https://t.co/QUugEHhjgr,Wed Feb 26 20:34:52 +0000 2020,Jill Manrique üíÅüèΩ‚Äç‚ôÄÔ∏è,https://twitter.com/JillManrique/status/1232765998052315137
HB4704,1235020868474081282,@APAadvocates @APA_Planning @AncelGlinkLand *UPDATE* The 3/3/20 Cities &amp; Villages Committee Hearing was cancelled.‚Ä¶ https://t.co/4X5E2RVEp4,Wed Mar 04 01:54:55 +0000 2020,APA-IL,https://twitter.com/APAIL/status/1235020868474081282
HB4704,1234941219781955589,RT @APAIL: Legislative alert! Oppose SB3329 and HB4704! File a Witness Slip! Supporters of residential gardening rights are back with two n‚Ä¶,Tue Mar 03 20:38:25 +0000 2020,SPO at UIUC,https://twitter.com/SPOUIUC/status/1234941219781955589
HB4704,1234892081010790406,Legislative alert! Oppose SB3329 and HB4704! File a Witness Slip! Supporters of residential gardening rights are ba‚Ä¶ https://t.co/YiKaNaeWA8,Tue Mar 03 17:23:09 +0000 2020,APA-IL,https://twitter.com/APAIL/status/1234892081010790406
HB4783,1235552377505185792,RT @kade_heather: Rep. Maurice West (D-Rockford) is changing HB4783: He wants a board of Native American tribal members to choose how they‚Ä¶,Thu Mar 05 13:06:56 +0000 2020,UIS Public Affairs Reporting Program,https://twitter.com/UISPAR/status/1235552377505185792
HB4783,1235429997801885696,RT @kade_heather: Rep. Maurice West (D-Rockford) is changing HB4783: He wants a board of Native American tribal members to choose how they‚Ä¶,Thu Mar 05 05:00:39 +0000 2020,Michael Smith,https://twitter.com/Agora_180/status/1235429997801885696
HB4783,1235425653203374080,Rep. Maurice West (D-Rockford) is changing HB4783: He wants a board of Native American tribal members to choose how‚Ä¶ https://t.co/SmCvcEQd0C,Thu Mar 05 04:43:23 +0000 2020,Kade Heather,https://twitter.com/kade_heather/status/1235425653203374080
HB4870,1235596621628440577,RT @ForIllinoisans: #HB4870 #HPV #GARDISILDo you know your ability to choose is at stake? That 6th graders will be refused entry to school‚Ä¶,Thu Mar 05 16:02:45 +0000 2020,Elena Litvintsev,https://twitter.com/MyxaZZ/status/1235596621628440577
HB4870,1235565890575519744,"@tomdemmer @DarrenBaileyIL I wanted to express my trust that you both will stand with the over 14,000 Illinoisans t‚Ä¶ https://t.co/nRLSeChNOO",Thu Mar 05 14:00:38 +0000 2020,Adam J. Solorio,https://twitter.com/ajsolorio/status/1235565890575519744
HB4870,1235337319508570114,@MarieG36933222 @Ilhan What's you're view on HB4870 (mandatory HPV vaccines school)?,Wed Mar 04 22:52:23 +0000 2020,Keith ü¶Ö üá∫üá∏‚≠ê‚≠ê‚≠êüá∫üá∏ü¶Ö,https://twitter.com/gunfighter0331/status/1235337319508570114
HB4870,1235268729442914304,Hey @RobynGabel. Just wanted to ask you why #HB4870 was moved at the last minute to a committee you are the chairpe‚Ä¶ https://t.co/ZtQJ6SLDB3,Wed Mar 04 18:19:49 +0000 2020,Cordon Sroka,https://twitter.com/CordonSroka/status/1235268729442914304
HB5107,1233563340238196736,RT @shevotesil: üö®CALL TO ACTIONüö®- DUE TUES MARCH 3  Fill out a witness slip to support #HB5107 introduced by @StateRepWEST so that a civil‚Ä¶,Sat Feb 29 01:23:13 +0000 2020,Waterloo Illinois,https://twitter.com/WaterlooIlinois/status/1233563340238196736
HB5107,1233427619066122241,üö®CALL TO ACTIONüö®- DUE TUES MARCH 3  Fill out a witness slip to support #HB5107 introduced by @StateRepWEST so that‚Ä¶ https://t.co/GbVHVxyoLr,Fri Feb 28 16:23:55 +0000 2020,She Votes Illinois,https://twitter.com/shevotesil/status/1233427619066122241
HB5271,1233563652671799296,RT @shevotesil: üö®CALL TO ACTIONüö®- DUE TUES MARCH 3  Fill out a witness slip to support #HB5271 introduced by @StateRepWEST creating the Do‚Ä¶,Sat Feb 29 01:24:27 +0000 2020,Waterloo Illinois,https://twitter.com/WaterlooIlinois/status/1233563652671799296
HB5271,1233417390312083457,üö®CALL TO ACTIONüö®- DUE TUES MARCH 3  Fill out a witness slip to support #HB5271 introduced by @StateRepWEST creatin‚Ä¶ https://t.co/hacg2OM3wL,Fri Feb 28 15:43:16 +0000 2020,She Votes Illinois,https://twitter.com/shevotesil/status/1233417390312083457
HB5580,1235287834208198657,"RT @SAKimFoxx: Hatty, the @cookcountysao facility dog, traveled to Springfield with her handler to testify in support of HB5580. This bill‚Ä¶",Wed Mar 04 19:35:44 +0000 2020,Rugger4Warren,https://twitter.com/rugger4equality/status/1235287834208198657
HB5580,1235013115366068229,"RT @SAKimFoxx: Victims are the center of our work, and we will keep working to expand trauma-informed approaches in Cook County‚Äôs criminal‚Ä¶",Wed Mar 04 01:24:06 +0000 2020,Karen Goldner,https://twitter.com/kgoldner/status/1235013115366068229
HB5580,1234990322033119233,"Victims are the center of our work, and we will keep working to expand trauma-informed approaches in Cook County‚Äôs‚Ä¶ https://t.co/OSCEY69VqD",Tue Mar 03 23:53:32 +0000 2020,State‚Äôs Attorney Kim Foxx,https://twitter.com/SAKimFoxx/status/1234990322033119233
HB5580,1234990317134213123,"Hatty, the @cookcountysao facility dog, traveled to Springfield with her handler to testify in support of HB5580. T‚Ä¶ https://t.co/ejl7RqeaRW",Tue Mar 03 23:53:31 +0000 2020,State‚Äôs Attorney Kim Foxx,https://twitter.com/SAKimFoxx/status/1234990317134213123
SB1407,1234870038483496961,"During Illinois Ag Breakfast, Illinois Farm Bureau President Rich Guebert urged a no vote on SB1407 he said would negatively impact ethanol production. @ Illinois State Library https://t.co/syQMjXT5HM",Tue Mar 03 15:55:34 +0000 2020,Bishop On Air,https://twitter.com/BishopOnAir/status/1234870038483496961
SB2036,1238118814866272259,RT @ShamsCharania: Sources: Donovan Mitchell was the only Jazz player/personnel to test positive for coronavirus out of 58 tests administer‚Ä¶,Thu Mar 12 15:05:03 +0000 2020,Pastor Sa‚Äôheed,https://twitter.com/sb2036/status/1238118814866272259
SB2036,1237959601456218112,RT @ShamsCharania: The NBA G League has suspended its season after NBA's indefinite suspension.,Thu Mar 12 04:32:23 +0000 2020,Pastor Sa‚Äôheed,https://twitter.com/sb2036/status/1237959601456218112
SB2036,1237913750163689472,"RT @ShamsCharania: Utah Jazz All-Star Rudy Gobert has tested positive for coronavirus, sources tell @TheAthleticNBA @Stadium. Sources say‚Ä¶",Thu Mar 12 01:30:12 +0000 2020,Pastor Sa‚Äôheed,https://twitter.com/sb2036/status/1237913750163689472
SB2036,1237839067196211200,RT @ShamsCharania: The NCAA's men's and women's tournaments will be held without fans -- and only essential staff and limited family attend‚Ä¶,Wed Mar 11 20:33:26 +0000 2020,Pastor Sa‚Äôheed,https://twitter.com/sb2036/status/1237839067196211200
SB2036,1237467975608709125,"RT @YoungNBA: Since people have apparently erased the last 3.5 months from their memory, I figured I‚Äôd put things into perspective. This is‚Ä¶",Tue Mar 10 19:58:51 +0000 2020,Pastor Sa‚Äôheed,https://twitter.com/sb2036/status/1237467975608709125
SB2036,1236702082888912898,RT @nbcsnl: ùóôùóπùó∂ùóΩùóΩùó≤ùó± ùòÅùóµùó≤ ùòÄùòÑùó∂ùòÅùó∞ùóµ. https://t.co/t8qHcGRUhY,Sun Mar 08 17:15:28 +0000 2020,Pastor Sa‚Äôheed,https://twitter.com/sb2036/status/1236702082888912898
SB2036,1236298276644589568,RT @ShamsCharania: The Nets are parting ways with head coach Kenny Atkinson.,Sat Mar 07 14:30:53 +0000 2020,Pastor Sa‚Äôheed,https://twitter.com/sb2036/status/1236298276644589568
SB2036,1236045470780145664,RT @ShamsCharania: Source: Free agent Joakim Noah‚Äôs deal with the Clippers will start as a 10-day contract.,Fri Mar 06 21:46:19 +0000 2020,Pastor Sa‚Äôheed,https://twitter.com/sb2036/status/1236045470780145664
SB2036,1235701049408638977,"RT @ShamsCharania: Free agent Dion Waiters has agreed on a deal with the Los Angeles Lakers for the remainder of the season, sources tell @‚Ä¶",Thu Mar 05 22:57:43 +0000 2020,Pastor Sa‚Äôheed,https://twitter.com/sb2036/status/1235701049408638977
SB2121,1235824851585126400,RT @whitesox2021: cubs fans are furious they can‚Äôt make an attendance joke here,Fri Mar 06 07:09:39 +0000 2020,stevebrown21,https://twitter.com/SB2121/status/1235824851585126400
SB2311,1235258033032302594,"RT @RJ_Illinois: We need to ensure families are able to visit incarcerated loved ones! But, IDOC visitors have little redress when they are‚Ä¶",Wed Mar 04 17:37:19 +0000 2020,CFSY,https://twitter.com/theCFSY/status/1235258033032302594
SB2311,1235194096576344065,"RT @RJ_Illinois: We need to ensure families are able to visit incarcerated loved ones! But, IDOC visitors have little redress when they are‚Ä¶",Wed Mar 04 13:23:16 +0000 2020,jobip,https://twitter.com/jobip/status/1235194096576344065
SB2311,1235033026406604800,"RT @RJ_Illinois: Everyone should be able to visit incarcerated loved ones. But, there's no one IDOC visitors can call if they're denied acc‚Ä¶",Wed Mar 04 02:43:13 +0000 2020,Curtis Evans,https://twitter.com/EvansWefixbikes/status/1235033026406604800
SB2311,1234989054401208320,"RT @RJ_Illinois: We need to ensure families are able to visit incarcerated loved ones! But, IDOC visitors have little redress when they are‚Ä¶",Tue Mar 03 23:48:30 +0000 2020,Stephanie,https://twitter.com/StephanieReads/status/1234989054401208320
SB2311,1234988154211323904,"RT @RJ_Illinois: We need to ensure families are able to visit incarcerated loved ones! But, IDOC visitors have little redress when they are‚Ä¶",Tue Mar 03 23:44:55 +0000 2020,ChiBooksWomenPrison ‚úä‚ù§Ô∏èüìö,https://twitter.com/ChicagoBWP/status/1234988154211323904
SB2311,1234945278668570625,"Everyone should be able to visit incarcerated loved ones. But, there's no one IDOC visitors can call if they're denied access. SB2311 would create a point of contact for people to call. The bill unanimously passed the Senate &amp; is now in the House! https://t.co/Zau6jPpPZK",Tue Mar 03 20:54:33 +0000 2020,Restore Justice IL,https://twitter.com/RJ_Illinois/status/1234945278668570625
SB2311,1234922258457677824,"RT @RJ_Illinois: We need to ensure families are able to visit incarcerated loved ones! But, IDOC visitors have little redress when they are‚Ä¶",Tue Mar 03 19:23:04 +0000 2020,Restore Justice Foundation,https://twitter.com/JusticeRestore/status/1234922258457677824
SB2311,1234871878579376129,"We need to ensure families are able to visit incarcerated loved ones! But, IDOC visitors have little redress when they are denied access or treated unfairly. SB2311 would create a statewide point of contact for visitors. Ask your reps to vote yes! #Twill https://t.co/pb6TxCPLrb",Tue Mar 03 16:02:53 +0000 2020,Restore Justice IL,https://twitter.com/RJ_Illinois/status/1234871878579376129
SB2371,1237913860864122882,RT @BDisgusting: Fan Favorite ‚ÄúInto the Dark‚Äù Character Will Return This April in Hulu‚Äôs ‚ÄúPooka Lives‚Äù! https://t.co/NYcffGDtnB,Thu Mar 12 01:30:38 +0000 2020,SmokeyJones23,https://twitter.com/sb2371/status/1237913860864122882
SB2371,1235223981315231744,"RT @BDisgusting: [Trailer] ‚ÄòThe Void‚Äô Director‚Äôs ‚ÄòPsycho Goreman‚Äô Looks Like the Craziest, Bloodiest Horror Movie of 2020 https://t.co/rHBw‚Ä¶",Wed Mar 04 15:22:01 +0000 2020,SmokeyJones23,https://twitter.com/sb2371/status/1235223981315231744
SB2371,1234891102156656648,RT @BDisgusting: Lovecraftian Creature Feature ‚ÄòUnderwater‚Äô Heads Home in April With an Alternate Ending https://t.co/5ROouUC8sV,Tue Mar 03 17:19:16 +0000 2020,SmokeyJones23,https://twitter.com/sb2371/status/1234891102156656648
SB2540,1235964765551366150,RT @RJ_Illinois: Your voice is important! There are not enough functioning phones in IDOC facilities. SB2540 would ensure all IDOC faciliti‚Ä¶,Fri Mar 06 16:25:37 +0000 2020,"Jessica, Mother of the Gwendal",https://twitter.com/logansolsun/status/1235964765551366150
SB2540,1235964632277413891,Your voice is important! There are not enough functioning phones in IDOC facilities. SB2540 would ensure all IDOC facilities have at least one phone for every 10 people who are incarcerated. Please ask your state senator to support SB2540. #Twill https://t.co/dFVe6UTrju,Fri Mar 06 16:25:06 +0000 2020,Restore Justice IL,https://twitter.com/RJ_Illinois/status/1235964632277413891
SB2561,1235182942827274241,"RT @ILPsychiatry: Thank you @SenatorFine for sponsoring #SB2561, which supports #telehealth and #telepsychiatry in IL! Especially important‚Ä¶",Wed Mar 04 12:38:56 +0000 2020,Illinois Psychological Association,https://twitter.com/ILPsychology/status/1235182942827274241
SB2561,1235160416919212038,"RT @ILPsychiatry: Thank you @SenatorFine for sponsoring #SB2561, which supports #telehealth and #telepsychiatry in IL! Especially important‚Ä¶",Wed Mar 04 11:09:26 +0000 2020,Hossam Mahmoud MD MPH,https://twitter.com/TelepsychMD/status/1235160416919212038
SB2561,1234995591584735232,"RT @ILPsychiatry: Thank you @SenatorFine for sponsoring #SB2561, which supports #telehealth and #telepsychiatry in IL! Especially important‚Ä¶",Wed Mar 04 00:14:28 +0000 2020,Keith Wakeman,https://twitter.com/CherryStreet7/status/1234995591584735232
SB2561,1234979409397813248,"RT @ILPsychiatry: Thank you @SenatorFine for sponsoring #SB2561, which supports #telehealth and #telepsychiatry in IL! Especially important‚Ä¶",Tue Mar 03 23:10:10 +0000 2020,IL Family Physicians,https://twitter.com/IllinoisAFP/status/1234979409397813248
SB2561,1234973691689095168,"Thank you @SenatorFine for sponsoring #SB2561, which supports #telehealth and #telepsychiatry in IL! Especially important for underserved and rural Illinoisans! @APAPsychiatric @ISMSLegislative @ILPsychology @MHA_IL @IllinoisAFP @NAMIChicago @namiillinois @IABH_1967 @kennedyforum https://t.co/WZvd0pVMvS",Tue Mar 03 22:47:27 +0000 2020,Illinois Psychiatric Society,https://twitter.com/ILPsychiatry/status/1234973691689095168
SB2578,1235776995344166913,RT @EdTrustTN: Senator @yarbro and Representative @vincentdixie54 have legislation to do just that: SB2578/HB1822 would automatically enro‚Ä¶,Fri Mar 06 03:59:29 +0000 2020,Rep. Vincent Dixie,https://twitter.com/vincentdixie54/status/1235776995344166913
SB2578,1235374936820248576,Senator @yarbro and Representative @vincentdixie54 have legislation to do just that: SB2578/HB1822 would automatically enroll students into advanced math classes if they score well on TNReady or EOC exams. Check out the bill here: https://t.co/fzDPRC5zmt,Thu Mar 05 01:21:51 +0000 2020,The Education Trust in Tennessee,https://twitter.com/EdTrustTN/status/1235374936820248576
SB2671,1237996347674046464,RT @jbellbooks: A week ago HUNDREDS of @MomsDemand &amp; #StudentsDemandAction volunteers met w/ their legislators to discuss ways to #EndGunVi‚Ä¶,Thu Mar 12 06:58:24 +0000 2020,Sharon Rucker,https://twitter.com/SharonQwltnut/status/1237996347674046464
SB2671,1237947640119246849,RT @jbellbooks: Permitless takes away a vital tool from law enforcement to tell the difference between responsible gun owners and criminals‚Ä¶,Thu Mar 12 03:44:52 +0000 2020,#ùôçùòºùôâùòøùôîùôçùôÄùôéùôÑùôéùôè,https://twitter.com/RandyResist/status/1237947640119246849
SB2671,1237893047171477504,RT @jbellbooks: A week ago HUNDREDS of @MomsDemand &amp; #StudentsDemandAction volunteers met w/ their legislators to discuss ways to #EndGunVi‚Ä¶,Thu Mar 12 00:07:56 +0000 2020,washumom,https://twitter.com/washumom/status/1237893047171477504
SB2671,1237880369564639234,RT @jbellbooks: Permitless takes away a vital tool from law enforcement to tell the difference between responsible gun owners and criminals‚Ä¶,Wed Mar 11 23:17:33 +0000 2020,üåä(((Wendy)))üåä#Resist,https://twitter.com/NstyWmnWendy/status/1237880369564639234
SB2671,1237879787399417859,RT @jbellbooks: Permitless takes away a vital tool from law enforcement to tell the difference between responsible gun owners and criminals‚Ä¶,Wed Mar 11 23:15:14 +0000 2020,ü•ÄAli #Biden2020ü•Ä,https://twitter.com/MrsLogan4evr/status/1237879787399417859
SB2671,1237877215284490249,RT @jbellbooks: Permitless takes away a vital tool from law enforcement to tell the difference between responsible gun owners and criminals‚Ä¶,Wed Mar 11 23:05:01 +0000 2020,üåüüí´‚ú®ùôéùôñùôôùôûùôö ùôàùôñùôö ùôçùôöùô®ùôûùô®ùô©ùô® ‚ú®üí´üåü,https://twitter.com/SadieTNResist/status/1237877215284490249
SB2671,1237877098246791168,RT @jbellbooks: A week ago HUNDREDS of @MomsDemand &amp; #StudentsDemandAction volunteers met w/ their legislators to discuss ways to #EndGunVi‚Ä¶,Wed Mar 11 23:04:33 +0000 2020,üåüüí´‚ú®ùôéùôñùôôùôûùôö ùôàùôñùôö ùôçùôöùô®ùôûùô®ùô©ùô® ‚ú®üí´üåü,https://twitter.com/SadieTNResist/status/1237877098246791168
SB2671,1237835126945353728,RT @jbellbooks: A week ago HUNDREDS of @MomsDemand &amp; #StudentsDemandAction volunteers met w/ their legislators to discuss ways to #EndGunVi‚Ä¶,Wed Mar 11 20:17:46 +0000 2020,Rachel McRea #ByeDon2020 üè≥Ô∏è‚Äçüåà,https://twitter.com/Rachel_McRea/status/1237835126945353728
SB2671,1237833017567010816,RT @jbellbooks: Permitless takes away a vital tool from law enforcement to tell the difference between responsible gun owners and criminals‚Ä¶,Wed Mar 11 20:09:23 +0000 2020,Cynthia Fraase,https://twitter.com/CFraase/status/1237833017567010816
SB2671,1237831792079581184,RT @jbellbooks: Permitless takes away a vital tool from law enforcement to tell the difference between responsible gun owners and criminals‚Ä¶,Wed Mar 11 20:04:31 +0000 2020,Emoluments Clause,https://twitter.com/K_Thomas_Ross/status/1237831792079581184
SB2671,1237821054623584258,RT @jbellbooks: Permitless takes away a vital tool from law enforcement to tell the difference between responsible gun owners and criminals‚Ä¶,Wed Mar 11 19:21:51 +0000 2020,MOH9,https://twitter.com/o_moh9/status/1237821054623584258
SB2671,1237808460118581248,RT @jbellbooks: A week ago HUNDREDS of @MomsDemand &amp; #StudentsDemandAction volunteers met w/ their legislators to discuss ways to #EndGunVi‚Ä¶,Wed Mar 11 18:31:48 +0000 2020,Nofearnofavors4 #LymeDisease #DemCast #DemCastKy,https://twitter.com/Nofearnofavors4/status/1237808460118581248
SB2671,1237808344594894849,RT @jbellbooks: @SenBoWatson üëÜüëÜplease listen to @TBInvestigation and law enforcement. This bill will make it more difficult for our law enf‚Ä¶,Wed Mar 11 18:31:21 +0000 2020,Nofearnofavors4 #LymeDisease #DemCast #DemCastKy,https://twitter.com/Nofearnofavors4/status/1237808344594894849
SB2671,1237805783989063680,RT @jbellbooks: Permitless takes away a vital tool from law enforcement to tell the difference between responsible gun owners and criminals‚Ä¶,Wed Mar 11 18:21:10 +0000 2020,Nofearnofavors4 #LymeDisease #DemCast #DemCastKy,https://twitter.com/Nofearnofavors4/status/1237805783989063680
SB2671,1237798795548778496,RT @jbellbooks: Permitless takes away a vital tool from law enforcement to tell the difference between responsible gun owners and criminals‚Ä¶,Wed Mar 11 17:53:24 +0000 2020,Clif Walker,https://twitter.com/clifw/status/1237798795548778496
SB2749,1238124056811102215,RT @eriktuf: Not sure when Smash became less about being an awesome crossover of video game icons and more about who gets played the most i‚Ä¶,Thu Mar 12 15:25:53 +0000 2020,SB‚ÇÇ‚Çá‚ÇÑ‚Çâ,https://twitter.com/SB2749/status/1238124056811102215
SB2749,1237842449373904896,@SB2749 oh my god,Wed Mar 11 20:46:52 +0000 2020,MSG,https://twitter.com/_Stick05_/status/1237842449373904896
SB2749,1237135574387040258,@Letamaru @SB2749 @Reggie @GameStop @gamestopcorp BRUH,Mon Mar 09 21:58:00 +0000 2020,Creed Daniel,https://twitter.com/Creedometer/status/1237135574387040258
SB2749,1236860719259418624,@SB2749 music,Mon Mar 09 03:45:49 +0000 2020,MSG,https://twitter.com/_Stick05_/status/1236860719259418624
SB2749,1236839046976069632,@SB2749 robot brown bear from over a night,Mon Mar 09 02:19:42 +0000 2020,MSG,https://twitter.com/_Stick05_/status/1236839046976069632
SB2749,1236110940397015040,@Lenoxmst @SB2749 threatening stance,Sat Mar 07 02:06:28 +0000 2020,mello,https://twitter.com/melondonk/status/1236110940397015040
SB2749,1235178978178150400,"@nahtonyguitar @SB2749 No he doesn‚Äôt, he‚Äôs a straight edge hot blooded American.",Wed Mar 04 12:23:11 +0000 2020,Keith,https://twitter.com/KeithDangus/status/1235178978178150400
SB2749,1234891733567184898,@SB2749 be an internet funnyman,Tue Mar 03 17:21:47 +0000 2020,MapleTyger,https://twitter.com/MapleTyger/status/1234891733567184898
SB2798,1237843240981651458,RT @InsidetheNCAA: NCAA President Mark Emmert statement on limiting attendance at NCAA events: https://t.co/GrPbmZx5N6 https://t.co/PFFh9ht‚Ä¶,Wed Mar 11 20:50:01 +0000 2020,Seamus Broughton,https://twitter.com/sb2798/status/1237843240981651458
SB3229,1238120019264929792,"Our agenda looks to tackle some of our state, &amp; nation‚Äôs, most pressing issues through legislation like the #GoodSamaritanOverdosePreventionAct HB3879/SB3229 which extends legal protections to those who contact emergency services in order to prevent a fatal overdose #opioidcrisis",Thu Mar 12 15:09:50 +0000 2020,Heartland Policy,https://twitter.com/HeartlandPolicy/status/1238120019264929792
SB3233,1237868168795680768,@senatorcrowe on behalf of Students Agisnt Incarceration at DePaul we are calling on you to support SB3233. People deserve a second chance! Please support SB3233!!! @ChicagoVotes https://t.co/NgFEpdaCiK,Wed Mar 11 22:29:04 +0000 2020,Chihuahua with snot bubble,https://twitter.com/taco_bae/status/1237868168795680768
SB3233,1237867340609368064,@senatorbelt on behalf of students against incarceration at DePaul I am calling on you to support SB3233! @ChicagoVotes,Wed Mar 11 22:25:47 +0000 2020,Chihuahua with snot bubble,https://twitter.com/taco_bae/status/1237867340609368064
SB3233,1237866617683337218,@ElgieSims on behalf of students against incarceration at DePaul I am asking you vote yes on SB3233. People deserve the chance to show the work they have done to better themselves,Wed Mar 11 22:22:54 +0000 2020,Chihuahua with snot bubble,https://twitter.com/taco_bae/status/1237866617683337218
SB3269,1237771066153541632,"RT @InclusionPAC: We support SB3269 and HB5074, sponsored by @SenatorSteans &amp; @RobynGabel, bills which will provide a comprehensive solutio‚Ä¶",Wed Mar 11 16:03:13 +0000 2020,They Deserve More IL,https://twitter.com/DeserveMoreIL/status/1237771066153541632
SB3269,1237410587392475136,"RT @InclusionPAC: We support SB3269 and HB5074, sponsored by @SenatorSteans &amp; @RobynGabel, bills which will provide a comprehensive solutio‚Ä¶",Tue Mar 10 16:10:48 +0000 2020,Missy N,https://twitter.com/MisNorm98/status/1237410587392475136
SB3269,1237382647053246465,"We support SB3269 and HB5074, sponsored by @SenatorSteans &amp; @RobynGabel, bills which will provide a comprehensive solution to the DSP workforce crisis. @DeserveMoreILImage Description:Three charts depicting a 20% increase in agency costs. https://t.co/tkjRJbj4lL",Tue Mar 10 14:19:47 +0000 2020,Inclusion PAC,https://twitter.com/InclusionPAC/status/1237382647053246465
SB3329,1235920699291774977,Do you want to help protect the #RightToGarden in #Illinois? You can file a witness slip in support of this bill. You can create an account with https://t.co/iyes5k067H and then file a PROPONENT witness slip for SB3329 - Right To Garden. Please RETWEET! üôèüèΩ #SustainDuPage https://t.co/0IXdRf9t3N,Fri Mar 06 13:30:31 +0000 2020,Sustain DuPage,https://twitter.com/SustainDuPage/status/1235920699291774977
SB3329,1235020868474081282,@APAadvocates @APA_Planning @AncelGlinkLand *UPDATE* The 3/3/20 Cities &amp; Villages Committee Hearing was cancelled. Stay tuned for updates on HB4704. We still need you to oppose SB3329! Please file a witness slip for the 3/4/20 Executive Committee Meeting. https://t.co/n8LuuMwJ3U,Wed Mar 04 01:54:55 +0000 2020,APA-IL,https://twitter.com/APAIL/status/1235020868474081282
SB3329,1234941219781955589,RT @APAIL: Legislative alert! Oppose SB3329 and HB4704! File a Witness Slip! Supporters of residential gardening rights are back with two n‚Ä¶,Tue Mar 03 20:38:25 +0000 2020,SPO at UIUC,https://twitter.com/SPOUIUC/status/1234941219781955589
SB3329,1234892081010790406,Legislative alert! Oppose SB3329 and HB4704! File a Witness Slip! Supporters of residential gardening rights are back with two new bills that would each create a ‚ÄúRight to Garden Act‚Äù. https://t.co/n8LuuMwJ3U https://t.co/vGR97jv3gH,Tue Mar 03 17:23:09 +0000 2020,APA-IL,https://twitter.com/APAIL/status/1234892081010790406
SB3361,1235590739146522626,@sb3361 Thats all you can do ‚ù§Ô∏è XoXo,Thu Mar 05 15:39:23 +0000 2020,Christineüå∏,https://twitter.com/cmh2761/status/1235590739146522626
SB3361,1235380804324335618,@sb3361 Your a good momma üíñüôèüèª‚ò∫Ô∏èüëèüèªüí™üèΩüëä,Thu Mar 05 01:45:10 +0000 2020,Christineüå∏,https://twitter.com/cmh2761/status/1235380804324335618
SB3414,1237172857467277312,"RT @SapnaSays: Do you have a smart device in your home?  If so, it knows a lot more about you than you think.  Check out my piece in the‚Ä¶",Tue Mar 10 00:26:09 +0000 2020,Great Lakes Innovators,https://twitter.com/3rdCoastThought/status/1237172857467277312
SB3414,1237170034574872577,"RT @SapnaSays: Do you have a smart device in your home?  If so, it knows a lot more about you than you think.  Check out my piece in the‚Ä¶",Tue Mar 10 00:14:56 +0000 2020,Selita Paea,https://twitter.com/SelitaPee/status/1237170034574872577
SB3414,1237125346576814085,"RT @SapnaSays: Do you have a smart device in your home?  If so, it knows a lot more about you than you think.  Check out my piece in the‚Ä¶",Mon Mar 09 21:17:21 +0000 2020,Max Bever,https://twitter.com/maxrbever/status/1237125346576814085
SB3414,1237124051421757440,"Do you have a smart device in your home?  If so, it knows a lot more about you than you think.  Check out my piece in the @Suntimes to learn more and share your support for the Protecting Household Privacy Act in IL, #SB3414 #HB5495 https://t.co/vF6PlDc4sS",Mon Mar 09 21:12:13 +0000 2020,Sapna Khatri,https://twitter.com/SapnaSays/status/1237124051421757440
SB3416,1234967923061657601,"SB3416 makes permanent and expands the Voucher Respite Program, which helps provides services for individuals with developmental disabilitiesREAD MORE: https://t.co/nXO8q481Oz https://t.co/AByq2sfHBm",Tue Mar 03 22:24:32 +0000 2020,Senator Castro,https://twitter.com/senatorcastro/status/1234967923061657601
SB3501,1234998843025936385,"@ Senate Human Services Committee hearing where advocates presented solutions to grow, recruit &amp; retain a qualified, modern,  &amp; diverse behavioral health workforce, including an ask to support SB3501, creating the Behavioral Health Workforce Education Center of IL. #twill https://t.co/BvF7rnhAZ9",Wed Mar 04 00:27:24 +0000 2020,CBHA,https://twitter.com/CBHA_NET/status/1234998843025936385
HB0008,1235643613448527872,Wyoming is leading the nation in pro blockchain and cryptocurrency laws.  This new law will help protect developers: https://t.co/4jqCyiqHhq,Thu Mar 05 19:09:29 +0000 2020,Tetonick,https://twitter.com/Tetonick_Tweets/status/1235643613448527872
HB1565,1236423666843267072,RT @TheChrisMosier: üö® MISSOURI: TWO hearings on anti-LGBTQ bills will be heard Tuesday (2/25)HB1565 will ban any LGBTQ content in public‚Ä¶,Sat Mar 07 22:49:08 +0000 2020,nicky,https://twitter.com/staghert/status/1236423666843267072
HB1565,1236423558152085505,RT @TheChrisMosier: Everyone has a gender identity &amp; a sexual orientation. There‚Äôs not just one way to be a person - and more &amp; more youth‚Ä¶,Sat Mar 07 22:48:42 +0000 2020,nicky,https://twitter.com/staghert/status/1236423558152085505
HB2535,1235979010942922752,"ATTENTION: Hearing next Tuesday for HB2535 which forces the sale of Eleven Point State Park. Call to battle invasive honeysuckle and more in this Week's #MOWater News, Legislative Lookout, and Stream Team events https://t.co/tEcaOuS0zi https://t.co/hgzf2y5a1Y",Fri Mar 06 17:22:14 +0000 2020,Stream Teams United,https://twitter.com/mostreamteam/status/1235979010942922752
HB3493,1237055419937406976,RT @ProtectILCare: Health care consumers and advocates ready to hear legislators deliberate #HB3493 - a bill to create a Prescription Drug‚Ä¶,Mon Mar 09 16:39:30 +0000 2020,Claire Yenor,https://twitter.com/LisaYenor/status/1237055419937406976
HB3493,1236361681544019968,RT @ProtectILCare: We are disappointed that the committee voted against a Prescription Drug Affordability Board in Illinois. See our statem‚Ä¶,Sat Mar 07 18:42:50 +0000 2020,Indivisible Lakeview + Lincoln Park,https://twitter.com/IndivLakeviewLP/status/1236361681544019968
HB3493,1236361189980020736,RT @ProtectILCare: We are disappointed that the committee voted against a Prescription Drug Affordability Board in Illinois. See our statem‚Ä¶,Sat Mar 07 18:40:52 +0000 2020,Indivisible Illinois,https://twitter.com/IndivisibleIL/status/1236361189980020736
HB3493,1236360516605554689,RT @ProtectILCare: We are disappointed that the committee voted against a Prescription Drug Affordability Board in Illinois. See our statem‚Ä¶,Sat Mar 07 18:38:12 +0000 2020,Beth Malone,https://twitter.com/Bethsiulaw/status/1236360516605554689
HB3493,1236356326848188416,RT @ProtectILCare: We are disappointed that the committee voted against a Prescription Drug Affordability Board in Illinois. See our statem‚Ä¶,Sat Mar 07 18:21:33 +0000 2020,Peteamus,https://twitter.com/aerosop/status/1236356326848188416
HB3493,1235654695504343040,RT @afscme31: #HB3493 heard in the House Prescription Drug Affordability Committee this morning. @AFSCME retirees and other seniors are the‚Ä¶,Thu Mar 05 19:53:31 +0000 2020,Jane Addams Seniors in Action,https://twitter.com/JASIAction/status/1235654695504343040
HB3493,1235588450923040769,RT @afscme31: #HB3493 heard in the House Prescription Drug Affordability Committee this morning. @AFSCME retirees and other seniors are the‚Ä¶,Thu Mar 05 15:30:17 +0000 2020,Wendy Katten,https://twitter.com/wjk1971/status/1235588450923040769
HB3493,1235559571319554051,RT @afscme31: #HB3493 heard in the House Prescription Drug Affordability Committee this morning. @AFSCME retirees and other seniors are the‚Ä¶,Thu Mar 05 13:35:32 +0000 2020,JennLadischDouglass,https://twitter.com/JennKait/status/1235559571319554051
HB3493,1235415929862963200,RT @ProtectILCare: Health care consumers and advocates ready to hear legislators deliberate #HB3493 - a bill to create a Prescription Drug‚Ä¶,Thu Mar 05 04:04:45 +0000 2020,Ryan Gruenenfelder,https://twitter.com/Gruen75/status/1235415929862963200
HB3493,1235409255580213248,RT @ProtectILCare: Health care consumers and advocates ready to hear legislators deliberate #HB3493 - a bill to create a Prescription Drug‚Ä¶,Thu Mar 05 03:38:13 +0000 2020,Illinois Alliance,https://twitter.com/ILRetirees/status/1235409255580213248
HB3493,1235397801644904456,RT @EverThriveIL: Donna Cruce shared her Rx story and why she supports HB3493. The cost of her prescription drugs caused her to forgo filli‚Ä¶,Thu Mar 05 02:52:43 +0000 2020,Protect Our Care IL,https://twitter.com/ProtectILCare/status/1235397801644904456
HB3493,1235397645046288384,RT @afscme31: #HB3493 heard in the House Prescription Drug Affordability Committee this morning. @AFSCME retirees and other seniors are the‚Ä¶,Thu Mar 05 02:52:05 +0000 2020,Protect Our Care IL,https://twitter.com/ProtectILCare/status/1235397645046288384
HB3493,1235396023444365312,RT @afscme31: #HB3493 heard in the House Prescription Drug Affordability Committee this morning. @AFSCME retirees and other seniors are the‚Ä¶,Thu Mar 05 02:45:39 +0000 2020,Illinois Alliance,https://twitter.com/ILRetirees/status/1235396023444365312
HB3493,1235394077904048128,RT @afscme31: #HB3493 heard in the House Prescription Drug Affordability Committee this morning. @AFSCME retirees and other seniors are the‚Ä¶,Thu Mar 05 02:37:55 +0000 2020,Citizen Action IL,https://twitter.com/CitizenActionIL/status/1235394077904048128
HB3493,1235318431630708736,RT @ProtectILCare: We are disappointed that the committee voted against a Prescription Drug Affordability Board in Illinois. See our statem‚Ä¶,Wed Mar 04 21:37:19 +0000 2020,Julie Sampson,https://twitter.com/JulieSampson12/status/1235318431630708736
HB3851,1234934940862701569,"RT @c_hansen84: Thank you to @RepChrisMiller, @Sam4Rep, Thomas Morrison, @JohnCabello, @repjcarroll, and Nathan Reitz for signing on to bi-‚Ä¶",Tue Mar 03 20:13:28 +0000 2020,"Zeus üá∫üá∏ ‚≠ê‚≠ê‚≠ê No Collusion, No Obstruction!",https://twitter.com/zeusFanHouse/status/1234934940862701569
HB3879,1238120019264929792,"Our agenda looks to tackle some of our state, &amp; nation‚Äôs, most pressing issues through legislation like the #GoodSamaritanOverdosePreventionAct HB3879/SB3229 which extends legal protections to those who contact emergency services in order to prevent a fatal overdose #opioidcrisis",Thu Mar 12 15:09:50 +0000 2020,Heartland Policy,https://twitter.com/HeartlandPolicy/status/1238120019264929792
HB3905,1235785368781418499,"RT @VicComed: Thanks @lashawnfordjobs (La Shawn Ford) for cracking down on fake service dogs via HB3905.  Here, I thought unfunded pensions‚Ä¶",Fri Mar 06 04:32:46 +0000 2020,Jeffrey Hayes Frye‚≠ê‚≠ê‚≠ê,https://twitter.com/JeffreyFrye/status/1235785368781418499
HB3905,1235722674569121794,"RT @VicComed: Thanks @lashawnfordjobs (La Shawn Ford) for cracking down on fake service dogs via HB3905.  Here, I thought unfunded pensions‚Ä¶",Fri Mar 06 00:23:38 +0000 2020,Rae A üåπPrecious Life Mattersüåπ,https://twitter.com/WileyWonka59/status/1235722674569121794
HB3905,1235722181054730240,"RT @VicComed: Thanks @lashawnfordjobs (La Shawn Ford) for cracking down on fake service dogs via HB3905.  Here, I thought unfunded pensions‚Ä¶",Fri Mar 06 00:21:41 +0000 2020,#TRUMP 2020 #MAGA #KAG,https://twitter.com/chuck_rowland/status/1235722181054730240
HB3905,1235692892154290176,"RT @VicComed: Thanks @lashawnfordjobs (La Shawn Ford) for cracking down on fake service dogs via HB3905.  Here, I thought unfunded pensions‚Ä¶",Thu Mar 05 22:25:18 +0000 2020,TaxenEmSillyInIllinois,https://twitter.com/Get_Outa_Here/status/1235692892154290176
HB3905,1235684869390262272,"Thanks @lashawnfordjobs (La Shawn Ford) for cracking down on fake service dogs via HB3905.  Here, I thought unfunded pensions were the problem! #twill https://t.co/R3WBeKESFC",Thu Mar 05 21:53:25 +0000 2020,"Vic Frohmeyer, ComEd Lobbyist from Chiraq, IL",https://twitter.com/VicComed/status/1235684869390262272
HB3932,1236798414089859073,RT @RepKamBuckner: Amen. I filed HB3932 in order to create some solutions based movement. We need as much support to get this passed as pos‚Ä¶,Sun Mar 08 23:38:15 +0000 2020,Dulana Reese,https://twitter.com/DulanaReese/status/1236798414089859073
HB3932,1236327372997222405,Amen. I filed HB3932 in order to create some solutions based movement. We need as much support to get this passed as possible. https://t.co/tkmmsUtsvt https://t.co/slyY7gVHWN,Sat Mar 07 16:26:30 +0000 2020,Kam Buckner,https://twitter.com/RepKamBuckner/status/1236327372997222405
HB4064,1235287059583184896,"RT @il_fps: PROPONENT witness slips needed HB4064, bill to make IL public colleges &amp; univ's test-optional for admissions. Hearing at 3pm to‚Ä¶",Wed Mar 04 19:32:40 +0000 2020,Jennifer Jones,https://twitter.com/jenbotjones/status/1235287059583184896
HB4064,1235285284125839361,Bill HB4064 here: https://t.co/5t4LSoOjfB,Wed Mar 04 19:25:36 +0000 2020,Illinois Families for Public Schools,https://twitter.com/il_fps/status/1235285284125839361
HB4064,1235284747372421121,"PROPONENT witness slips needed HB4064, bill to make IL public colleges &amp; univ's test-optional for admissions. Hearing at 3pm today: https://t.co/yiGaYFZftW",Wed Mar 04 19:23:28 +0000 2020,Illinois Families for Public Schools,https://twitter.com/il_fps/status/1235284747372421121
HB4133,1235633721631535104,Register for Epilepsy Advocacy Day! We‚Äôll be in Springfield on March 19 to ask legislators to support HB4133. This bill will add epilepsy to the list of conditions that's covered by medicaid for TeleHealth Services. Transportation included. Register at https://t.co/yTDqfbjSBn https://t.co/oSXaEG2fVs,Thu Mar 05 18:30:10 +0000 2020,Epilepsy Foundation,https://twitter.com/EpilepsyChicago/status/1235633721631535104
HB4377,1237875077963599872,@StateRepManley please support HB4377 so that people serving felony convictions can vote! Democracy works best when everyone is involved! @ChicagoVotes #votinginprison #unlockcivics https://t.co/qbx6glx0Hu,Wed Mar 11 22:56:31 +0000 2020,Chihuahua with snot bubble,https://twitter.com/taco_bae/status/1237875077963599872
HB4377,1237873777179934723,@RepJGB please support HB4377 so that people serving felony convictions can vote. Democracy works better when more people are involved. @ChicagoVotes #votinginprison #unlockcivics,Wed Mar 11 22:51:21 +0000 2020,Chihuahua with snot bubble,https://twitter.com/taco_bae/status/1237873777179934723
HB4377,1237872841447497728,@Repevans33 please support HB4377 so people serving felony convictions can get back the right to vote. Democracy doesn‚Äôt work if people are excluded from the democratic process. @ChicagoVotes #votinginprison #unlockcivics,Wed Mar 11 22:47:38 +0000 2020,Chihuahua with snot bubble,https://twitter.com/taco_bae/status/1237872841447497728
HB4377,1237871273176215558,@RepTimButler please support HB4377 which gives people serving felony convictions the right to vote. A democracy can only serve us if everyone is included in the process. @ChicagoVotes #unlockcivics #votinginprison,Wed Mar 11 22:41:24 +0000 2020,Chihuahua with snot bubble,https://twitter.com/taco_bae/status/1237871273176215558
HB4377,1237870613873618950,@keithwheeler please support HB4377 which gives people serving felony convictions back the right to vote. Democracy doesn‚Äôt work unless all of us are included in it. @ChicagoVotes #unlockcivics #votinginprison,Wed Mar 11 22:38:47 +0000 2020,Chihuahua with snot bubble,https://twitter.com/taco_bae/status/1237870613873618950
HB4377,1237869856071905282,@RobertBobRita please support HB4377 that gives individuals serving a felony conviction back the right to vote! We must include the voices of everyone for democracy to work! @ChicagoVotes #votinginprison #unlockcivics,Wed Mar 11 22:35:46 +0000 2020,Chihuahua with snot bubble,https://twitter.com/taco_bae/status/1237869856071905282
HB4377,1237868995039989760,@RepChrisWelch please support HB4377 to give people serving a felony conviction the right to vote! @chicagovotes #paroleillinois,Wed Mar 11 22:32:21 +0000 2020,Chihuahua with snot bubble,https://twitter.com/taco_bae/status/1237868995039989760
HB4516,1237736085532401664,We passed HB4516 to ensure IL families can get hearing aids w/o worrying about costs. üëÇ I hope that the federal government sees how many Illinoisans benefit from this law &amp; decides to expand coverage for the Mitsch family &amp; others with hearing loss. https://t.co/P81pTVYwIy,Wed Mar 11 13:44:13 +0000 2020,Senator Laura Fine,https://twitter.com/SenatorFine/status/1237736085532401664
HB4704,1235020868474081282,@APAadvocates @APA_Planning @AncelGlinkLand *UPDATE* The 3/3/20 Cities &amp; Villages Committee Hearing was cancelled. Stay tuned for updates on HB4704. We still need you to oppose SB3329! Please file a witness slip for the 3/4/20 Executive Committee Meeting. https://t.co/n8LuuMwJ3U,Wed Mar 04 01:54:55 +0000 2020,APA-IL,https://twitter.com/APAIL/status/1235020868474081282
HB4704,1234941219781955589,RT @APAIL: Legislative alert! Oppose SB3329 and HB4704! File a Witness Slip! Supporters of residential gardening rights are back with two n‚Ä¶,Tue Mar 03 20:38:25 +0000 2020,SPO at UIUC,https://twitter.com/SPOUIUC/status/1234941219781955589
HB4704,1234892081010790406,Legislative alert! Oppose SB3329 and HB4704! File a Witness Slip! Supporters of residential gardening rights are back with two new bills that would each create a ‚ÄúRight to Garden Act‚Äù. https://t.co/n8LuuMwJ3U https://t.co/vGR97jv3gH,Tue Mar 03 17:23:09 +0000 2020,APA-IL,https://twitter.com/APAIL/status/1234892081010790406
HB4783,1237543789616488449,"RT @Suntimes: Stereotypes die hard, and sometimes they need a push. A bill making its way through Springfield would make it harder for scho‚Ä¶",Wed Mar 11 01:00:06 +0000 2020,NABJCC,https://twitter.com/NABJCC/status/1237543789616488449
HB4783,1237511791690694656,"RT @Suntimes: Stereotypes die hard, and sometimes they need a push. A bill making its way through Springfield would make it harder for scho‚Ä¶",Tue Mar 10 22:52:57 +0000 2020,Maudlyne Ihejirika,https://twitter.com/maudlynei/status/1237511791690694656
HB4783,1237377244508631041,RT @MarlenGarcia777: EDITORIAL: Native Americans should be the judge of when some high school mascots stay or go https://t.co/mZ7Dx8vWmp vi‚Ä¶,Tue Mar 10 13:58:19 +0000 2020,Steve Penley,https://twitter.com/stp4JAH/status/1237377244508631041
HB4783,1237232820767969280,"RT @Suntimes: Stereotypes die hard, and sometimes they need a push. A bill making its way through Springfield would make it harder for scho‚Ä¶",Tue Mar 10 04:24:25 +0000 2020,Chris Stearns,https://twitter.com/stearnsseattle/status/1237232820767969280
HB4783,1237180699750412294,RT @MarlenGarcia777: EDITORIAL: Native Americans should be the judge of when some high school mascots stay or go https://t.co/mZ7Dx8vWmp vi‚Ä¶,Tue Mar 10 00:57:19 +0000 2020,WVTV,https://twitter.com/WVTV/status/1237180699750412294
HB4783,1237115242980823045,"RT @Suntimes: Stereotypes die hard, and sometimes they need a push. A bill making its way through Springfield would make it harder for scho‚Ä¶",Mon Mar 09 20:37:13 +0000 2020,Evan F. Moore,https://twitter.com/evanFmoore/status/1237115242980823045
HB4783,1237112048678510592,RT @MarlenGarcia777: EDITORIAL: Native Americans should be the judge of when some high school mascots stay or go https://t.co/mZ7Dx8vWmp vi‚Ä¶,Mon Mar 09 20:24:31 +0000 2020,Edward Marshall,https://twitter.com/edmarshallcbs2/status/1237112048678510592
HB4783,1237068299529265157,RT @MarlenGarcia777: EDITORIAL: Native Americans should be the judge of when some high school mascots stay or go https://t.co/mZ7Dx8vWmp vi‚Ä¶,Mon Mar 09 17:30:40 +0000 2020,Lee Bey,https://twitter.com/LEEBEY/status/1237068299529265157
HB4783,1237054155275096064,RT @MarlenGarcia777: EDITORIAL: Native Americans should be the judge of when some high school mascots stay or go https://t.co/mZ7Dx8vWmp vi‚Ä¶,Mon Mar 09 16:34:28 +0000 2020,Gene Farris,https://twitter.com/gpfarris/status/1237054155275096064
HB4783,1237051973314150402,"RT @Suntimes: Stereotypes die hard, and sometimes they need a push. A bill making its way through Springfield would make it harder for scho‚Ä¶",Mon Mar 09 16:25:48 +0000 2020,Jane Fleming,https://twitter.com/fleming77/status/1237051973314150402
HB4783,1237049249587761153,RT @MarlenGarcia777: EDITORIAL: Native Americans should be the judge of when some high school mascots stay or go https://t.co/mZ7Dx8vWmp vi‚Ä¶,Mon Mar 09 16:14:59 +0000 2020,Michael O'Brien,https://twitter.com/michaelsobrien/status/1237049249587761153
HB4783,1237048448744132611,"RT @Suntimes: Stereotypes die hard, and sometimes they need a push. A bill making its way through Springfield would make it harder for scho‚Ä¶",Mon Mar 09 16:11:48 +0000 2020,SarcDiva,https://twitter.com/LisaJon70933170/status/1237048448744132611
HB4783,1237047828469420032,"RT @Suntimes: Stereotypes die hard, and sometimes they need a push. A bill making its way through Springfield would make it harder for scho‚Ä¶",Mon Mar 09 16:09:20 +0000 2020,Andy,https://twitter.com/AndyDaglas/status/1237047828469420032
HB4783,1237047570855321604,"RT @Suntimes: Stereotypes die hard, and sometimes they need a push. A bill making its way through Springfield would make it harder for scho‚Ä¶",Mon Mar 09 16:08:18 +0000 2020,joyfulnoyz,https://twitter.com/joyfulnoyz/status/1237047570855321604
HB4783,1237045866126548993,"Stereotypes die hard, and sometimes they need a push. A bill making its way through Springfield would make it harder for schools to keep offensive Native American mascots. https://t.co/QLWeUArBwz",Mon Mar 09 16:01:32 +0000 2020,Chicago Sun-Times,https://twitter.com/Suntimes/status/1237045866126548993
HB4837,1238122517283438602,The #EmployeeBackgroundFairnessAct HB4837/SB3194 is another bill we're working to pass &amp; it increases opportunities for employment for ppl who have been involved in the criminal legal system #CriminalJusticeReform #twill,Thu Mar 12 15:19:45 +0000 2020,Heartland Policy,https://twitter.com/HeartlandPolicy/status/1238122517283438602
HB4870,1237880850710007813,RT @ForIllinoisans: Please support Project Illinois' billboard for candidate Danny O‚ÄôToole against incumbent Robert Martwick.Danny O‚ÄôToole‚Ä¶,Wed Mar 11 23:19:28 +0000 2020,Mary Gorski,https://twitter.com/mag5599/status/1237880850710007813
HB4870,1237863398349524995,RT @ForIllinoisans: Please support Project Illinois' billboard for candidate Danny O‚ÄôToole against incumbent Robert Martwick.Danny O‚ÄôToole‚Ä¶,Wed Mar 11 22:10:07 +0000 2020,Dr. Peppers,https://twitter.com/HomeWithDrLaura/status/1237863398349524995
HB4870,1237831164569755649,RT @ForIllinoisans: Please support Project Illinois' billboard for candidate Danny O‚ÄôToole against incumbent Robert Martwick.Danny O‚ÄôToole‚Ä¶,Wed Mar 11 20:02:02 +0000 2020,Elvir Smajlovic,https://twitter.com/ElvirSmajlovic1/status/1237831164569755649
HB4870,1237826289165373440,RT @ForIllinoisans: Please support Project Illinois' billboard for candidate Danny O‚ÄôToole against incumbent Robert Martwick.Danny O‚ÄôToole‚Ä¶,Wed Mar 11 19:42:39 +0000 2020,Northern Illinoisans For Medical Freedom,https://twitter.com/ForIllinoisans/status/1237826289165373440
HB4870,1237826235167911942,"Please support Project Illinois' billboard for candidate Danny O‚ÄôToole against incumbent Robert Martwick.Danny O‚ÄôToole is a Democrat fully supportive of parental rights. His statement to opposes any bills that infringe on that, like #HB4870 &amp; #SB3668. https://t.co/cT8Si5Z8h0 https://t.co/cmOV11ENrw",Wed Mar 11 19:42:26 +0000 2020,Northern Illinoisans For Medical Freedom,https://twitter.com/ForIllinoisans/status/1237826235167911942
HB4870,1235814141790576640,RT @ForIllinoisans: #HB4870 #HPV #GARDISILDo you know your ability to choose is at stake? That 6th graders will be refused entry to school‚Ä¶,Fri Mar 06 06:27:06 +0000 2020,Dagmar Bleasdale,https://twitter.com/DagmarBleasdale/status/1235814141790576640
HB4870,1235572344283901953,RT @ForIllinoisans: #HB4870 #HPV #GARDISILDo you know your ability to choose is at stake? That 6th graders will be refused entry to school‚Ä¶,Thu Mar 05 14:26:17 +0000 2020,Christina Giunta,https://twitter.com/clg050364/status/1235572344283901953
HB4870,1235565890575519744,"@tomdemmer @DarrenBaileyIL I wanted to express my trust that you both will stand with the over 14,000 Illinoisans that have signed witness slips in opposition to HB4870. Gabel &amp; Steans have reached beyond the power the state should have upon a free people. Thank You!",Thu Mar 05 14:00:38 +0000 2020,Adam J. Solorio,https://twitter.com/ajsolorio/status/1235565890575519744
HB4870,1235268729442914304,Hey @RobynGabel. Just wanted to ask you why #HB4870 was moved at the last minute to a committee you are the chairperson of? Just so no one forgets if it accidentally goes missing. Here the Proponent vs Opponent witness slips right now (12:20 CST). 14000&gt;250. https://t.co/HLzlr1gXLB,Wed Mar 04 18:19:49 +0000 2020,Cordon Sroka,https://twitter.com/CordonSroka/status/1235268729442914304
HB4870,1235190881772281862,".@votejoycemason Most HPV cases clear quickly and w/o treatment. That makes #HB4870 particularly egregious; mandates for risky, liability-free vaccines strip parents of their rights to make medical decisions for their children. #NoHPVmandates #parentalrights",Wed Mar 04 13:10:29 +0000 2020,Gary LaForge,https://twitter.com/gwlfeng/status/1235190881772281862
HB4870,1235190880589557760,".@reptimbutler Most HPV cases clear quickly and w/o treatment. That makes #HB4870 particularly egregious; mandates for risky, liability-free vaccines strip parents of their rights to make medical decisions for their children. #NoHPVmandates #parentalrights",Wed Mar 04 13:10:29 +0000 2020,Gary LaForge,https://twitter.com/gwlfeng/status/1235190880589557760
HB4870,1235190879398264833,".@StateRepCrespo Most HPV cases clear quickly and w/o treatment. That makes #HB4870 particularly egregious; mandates for risky, liability-free vaccines strip parents of their rights to make medical decisions for their children. #NoHPVmandates #parentalrights",Wed Mar 04 13:10:29 +0000 2020,Gary LaForge,https://twitter.com/gwlfeng/status/1235190879398264833
HB4870,1235190878475628545,".@tchfor48 Most HPV cases clear quickly and w/o treatment. That makes #HB4870 particularly egregious; mandates for risky, liability-free vaccines strip parents of their rights to make medical decisions for their children. #NoHPVmandates #parentalrights",Wed Mar 04 13:10:28 +0000 2020,Gary LaForge,https://twitter.com/gwlfeng/status/1235190878475628545
HB4870,1235170113336332290,"RT @BeckerDetox: #illinois #hb4870 #hpvmandate has been reassigned to a new committee which means 14,000 witness slips gone. Fill out those‚Ä¶",Wed Mar 04 11:47:58 +0000 2020,LexyMarconi,https://twitter.com/LexyMarconi/status/1235170113336332290
HB4870,1235167911565811712,"RT @BeckerDetox: #illinois #hb4870 #hpvmandate has been reassigned to a new committee which means 14,000 witness slips gone. Fill out those‚Ä¶",Wed Mar 04 11:39:13 +0000 2020,Shekinah1313,https://twitter.com/shekinah1313/status/1235167911565811712
HB5580,1235287834208198657,"RT @SAKimFoxx: Hatty, the @cookcountysao facility dog, traveled to Springfield with her handler to testify in support of HB5580. This bill‚Ä¶",Wed Mar 04 19:35:44 +0000 2020,Rugger4Warren,https://twitter.com/rugger4equality/status/1235287834208198657
HB5580,1235013115366068229,"RT @SAKimFoxx: Victims are the center of our work, and we will keep working to expand trauma-informed approaches in Cook County‚Äôs criminal‚Ä¶",Wed Mar 04 01:24:06 +0000 2020,Karen Goldner,https://twitter.com/kgoldner/status/1235013115366068229
HB5580,1234990322033119233,"Victims are the center of our work, and we will keep working to expand trauma-informed approaches in Cook County‚Äôs criminal justice system. Thank you to  @RepEdlyAllen for sponsoring HB5580 and championing this work!",Tue Mar 03 23:53:32 +0000 2020,State‚Äôs Attorney Kim Foxx,https://twitter.com/SAKimFoxx/status/1234990322033119233
HB5580,1234990317134213123,"Hatty, the @cookcountysao facility dog, traveled to Springfield with her handler to testify in support of HB5580. This bill would expand the type of individuals and cases eligible for support from facility dogs like Hatty. https://t.co/KdheQiRKDN",Tue Mar 03 23:53:31 +0000 2020,State‚Äôs Attorney Kim Foxx,https://twitter.com/SAKimFoxx/status/1234990317134213123
